-- --------------------------------------------------------
-- 主机:                           127.0.0.1
-- 服务器版本:                        5.5.24-log - MySQL Community Server (GPL)
-- 服务器操作系统:                      Win64
-- HeidiSQL 版本:                  7.0.0.4388
-- --------------------------------------------------------

/*!40101 SET @OLD_CHARACTER_SET_CLIENT=@@CHARACTER_SET_CLIENT */;
/*!40101 SET NAMES utf8 */;
/*!40014 SET @OLD_FOREIGN_KEY_CHECKS=@@FOREIGN_KEY_CHECKS, FOREIGN_KEY_CHECKS=0 */;
/*!40101 SET @OLD_SQL_MODE=@@SQL_MODE, SQL_MODE='NO_AUTO_VALUE_ON_ZERO' */;

-- 导出  表 shxz.category 结构
DROP TABLE IF EXISTS `category`;
CREATE TABLE IF NOT EXISTS `category` (
  `categoryId` int(10) NOT NULL AUTO_INCREMENT,
  `type` tinyint(4) NOT NULL DEFAULT '0' COMMENT '类别',
  `cid` int(10) NOT NULL COMMENT '父Id',
  `title` varchar(120) NOT NULL,
  `status` tinyint(4) NOT NULL DEFAULT '0',
  `addTime` datetime NOT NULL DEFAULT '0000-00-00 00:00:00',
  `modTime` timestamp NOT NULL DEFAULT CURRENT_TIMESTAMP ON UPDATE CURRENT_TIMESTAMP,
  PRIMARY KEY (`categoryId`)
) ENGINE=InnoDB AUTO_INCREMENT=5 DEFAULT CHARSET=utf8 COMMENT='分类表';

-- 正在导出表  shxz.category 的数据：~4 rows (大约)
DELETE FROM `category`;
/*!40000 ALTER TABLE `category` DISABLE KEYS */;
INSERT INTO `category` (`categoryId`, `type`, `cid`, `title`, `status`, `addTime`, `modTime`) VALUES
	(1, 0, 0, '产品展示', 0, '2015-06-06 20:27:56', '2015-06-06 20:28:00'),
	(2, 0, 1, '先心 产品', 0, '2015-06-06 20:36:18', '2015-06-13 16:58:55'),
	(3, 0, 1, '电生理产品', 0, '2015-06-06 20:37:03', '2015-06-06 20:37:06'),
	(4, 0, 1, '啊啊', -1, '0000-00-00 00:00:00', '2015-06-13 17:12:18');
/*!40000 ALTER TABLE `category` ENABLE KEYS */;


-- 导出  表 shxz.honour 结构
DROP TABLE IF EXISTS `honour`;
CREATE TABLE IF NOT EXISTS `honour` (
  `id` int(10) NOT NULL AUTO_INCREMENT,
  `name` varchar(50) COLLATE utf8_unicode_ci NOT NULL,
  `description` varchar(50) COLLATE utf8_unicode_ci NOT NULL,
  `content` varchar(100) COLLATE utf8_unicode_ci NOT NULL,
  `url` varchar(50) COLLATE utf8_unicode_ci NOT NULL,
  PRIMARY KEY (`id`)
) ENGINE=MyISAM AUTO_INCREMENT=5 DEFAULT CHARSET=utf8 COLLATE=utf8_unicode_ci;

-- 正在导出表  shxz.honour 的数据：3 rows
DELETE FROM `honour`;
/*!40000 ALTER TABLE `honour` DISABLE KEYS */;
INSERT INTO `honour` (`id`, `name`, `description`, `content`, `url`) VALUES
	(2, '重视医生与患者反馈', '专设客诉中心，悉心听取医生、代理商、病人的反馈，以此为产品、服务改善的目标。', '专设客诉中心，悉心听取医生、代理商、病人的反馈，以此为产品、服务改善的目标。', './assets/upfile/noPic.jpg'),
	(3, '理解并超越需求', '通过问卷、座谈会、回访等科学、客观的方式，充分理解医生需求，想方设法超越他们的需求。', '通过问卷、座谈会、回访等科学、客观的方式，充分理解医生需求，想方设法超越他们的需求。', './assets/upfile/noPic.jpg'),
	(4, '研发科技与专利', '通过问卷、座谈会、回访等科学、客观的方式，充分理解医生需求，想方设法超越他们的需求。', '通过问卷、座谈会、回访等科学、客观的方式，充分理解医生需求，想方设法超越他们的需求。', './assets/upfile/noPic.jpg');
/*!40000 ALTER TABLE `honour` ENABLE KEYS */;


-- 导出  表 shxz.introduce 结构
DROP TABLE IF EXISTS `introduce`;
CREATE TABLE IF NOT EXISTS `introduce` (
  `id` int(10) NOT NULL AUTO_INCREMENT,
  `content` varchar(10000) COLLATE utf8_unicode_ci NOT NULL,
  `name` varchar(100) COLLATE utf8_unicode_ci NOT NULL,
  `right` varchar(100) COLLATE utf8_unicode_ci NOT NULL,
  `url` varchar(100) COLLATE utf8_unicode_ci NOT NULL,
  PRIMARY KEY (`id`)
) ENGINE=InnoDB AUTO_INCREMENT=2 DEFAULT CHARSET=utf8 COLLATE=utf8_unicode_ci;

-- 正在导出表  shxz.introduce 的数据：~1 rows (大约)
DELETE FROM `introduce`;
/*!40000 ALTER TABLE `introduce` DISABLE KEYS */;
INSERT INTO `introduce` (`id`, `content`, `name`, `right`, `url`) VALUES
	(1, '<div style="margin:10px 0px 0px;padding:0px;border:0px;font-family:\'Microsoft YaHei\', Arial, Helvetica, sans-serif;font-size:14px;vertical-align:baseline;color:#58595B;">	<div style="margin:10px 10px 0px 0px;padding:0px;border:0px;font-family:inherit;font-style:inherit;font-weight:inherit;vertical-align:baseline;">		<p class="introFont" style="font-family:inherit;font-style:inherit;font-weight:inherit;vertical-align:baseline;text-indent:2em;">			上海形状记忆合金材料有限公司 成立于1994年，是专业从事心血管缺损、 畸形封堵器产品研发、生产及营销的高新技术企业。公司拥有一支长期致力于形状记忆合金材料工艺研发的专业技术队伍， 实力雄厚、技术精湛，陆续研制出动脉导管未闭封堵器、房间隔缺损封堵器、室间隔缺损封堵器、 圈套器和封堵器介入输送装置等系列产品。产品自上市以来，在国内国际数百家心脏中心获得广泛应用， 累积病例超过45000例，经大量临床验证，其治疗安全性、有效性均已达到国际先进水平，众多先心病患者受益，并深得医生及患者好评。		</p>		<p class="introFont" style="font-family:inherit;font-style:inherit;font-weight:inherit;vertical-align:baseline;text-indent:2em;">			2005年至今，公司陆续通过了IS09001、ISO13485质量管理体系认证， GMP 质量体系认证，并连续被评为上海市高新科技企业。公司产品曾多次荣获国家及市级奖项， 其中房间隔缺损、室间隔缺损封堵器为国家科技攻关计划项目，室间隔缺损封堵器获2007年上海市科技进步一等奖， 动脉导管未闭封堵器、房间隔封堵器获上海市2003年科技进步二等奖，在研新产品获国家科技部“863计划”支持， 全系列产品获得国家科学技术进步二等奖。2012年，公司产品通过欧盟 CE 认证，现已行销全球20多个国家，向国际市场迅速拓展。		</p>	</div>	<div style="margin:10px 0px 0px;padding:0px;border:0px;font-family:inherit;font-style:inherit;font-weight:inherit;vertical-align:baseline;">		<img src="http://localhost/company/company/images/introduce/introduce_main.png" /> 	</div></div><div style="margin:10px 0px 0px;padding:0px;border:0px;font-family:\'Microsoft YaHei\', Arial, Helvetica, sans-serif;font-size:14px;vertical-align:baseline;color:#58595B;">	<p class="introFont" style="font-family:inherit;font-style:inherit;font-weight:inherit;vertical-align:baseline;text-indent:2em;">		2008年，上海形状公司成为国内心脏介入医疗器械领军企业乐普（北京）医疗器械股份有限公司的全资子公司。	</p>	<p class="introFont" style="font-family:inherit;font-style:inherit;font-weight:inherit;vertical-align:baseline;text-indent:2em;">		乐普医疗是我国最早研发制造心脏介入医疗器械产品的高新技术企业，总部位于北京中关村昌平科技园， 也是目前国内唯一一家央企控股的心血管介入医疗产品规模化制造企业。通过坚持技术创新、质量领先、合作共赢的发展之路， 乐普医疗已发展成为目前国内规模最大的冠脉支架、球囊扩张导管以及完成心脏介入手术配套用医疗配件的产业基地。产品延伸覆盖冠心病、先心病、 瓣膜病及心脏节律四大心脏病介入诊疗领域。2009年10月30日，成为首批登陆A股创业板的28家企业之一（代码：300003）。	</p>	<p class="introFont" style="font-family:inherit;font-style:inherit;font-weight:inherit;vertical-align:baseline;text-indent:2em;">		秉承总公司“科技关爱生命”的企业宗旨，上海形状公司以“科技领先、开拓创新、追求卓越、求实诚信”为经营理念， 持续以全新的产品开发理念、科学的管理体系和专业的研发团队为广大医务人员及患者提供优质、诚信的产品和服务，为人类先心病治疗事业贡献力量。	</p></div>', '上海形状记忆合金材料有限公司', 'Copyright©2006-2013 SHSMA Corporation,All Rights Reserved', 'images/ercode.png');
/*!40000 ALTER TABLE `introduce` ENABLE KEYS */;


-- 导出  表 shxz.link 结构
DROP TABLE IF EXISTS `link`;
CREATE TABLE IF NOT EXISTS `link` (
  `id` int(10) NOT NULL AUTO_INCREMENT,
  `name` varchar(50) COLLATE utf8_unicode_ci NOT NULL,
  `url` varchar(50) COLLATE utf8_unicode_ci NOT NULL,
  PRIMARY KEY (`id`)
) ENGINE=MyISAM AUTO_INCREMENT=5 DEFAULT CHARSET=utf8 COLLATE=utf8_unicode_ci;

-- 正在导出表  shxz.link 的数据：3 rows
DELETE FROM `link`;
/*!40000 ALTER TABLE `link` DISABLE KEYS */;
INSERT INTO `link` (`id`, `name`, `url`) VALUES
	(1, '百度', 'http://www.baidu.com/'),
	(2, '谷歌', 'http://www.google.com'),
	(3, '360', 'http://www.360.cn/');
/*!40000 ALTER TABLE `link` ENABLE KEYS */;


-- 导出  表 shxz.news 结构
DROP TABLE IF EXISTS `news`;
CREATE TABLE IF NOT EXISTS `news` (
  `id` int(10) NOT NULL AUTO_INCREMENT,
  `name` varchar(45) COLLATE utf8_unicode_ci DEFAULT NULL,
  `shortdescription` varchar(45) COLLATE utf8_unicode_ci DEFAULT NULL,
  `description` text COLLATE utf8_unicode_ci,
  `type` int(10) DEFAULT NULL,
  `url` varchar(45) COLLATE utf8_unicode_ci DEFAULT NULL,
  `createtime` date DEFAULT NULL,
  PRIMARY KEY (`id`)
) ENGINE=MyISAM AUTO_INCREMENT=26 DEFAULT CHARSET=utf8 COLLATE=utf8_unicode_ci;

-- 正在导出表  shxz.news 的数据：20 rows
DELETE FROM `news`;
/*!40000 ALTER TABLE `news` DISABLE KEYS */;
INSERT INTO `news` (`id`, `name`, `shortdescription`, `description`, `type`, `url`, `createtime`) VALUES
	(1, '继发孔型房间隔缺损患者存活至高龄一例00', '继发孔型房间隔缺损患者存活至高龄一例00', '<p style="text-indent:2em;">\r\n	<img src="/assets/56cfde58/attached/image/20150606/20150606164301_45892.png" alt="" width="100" height="69" title="" align="right" /><span>继发孔型房间隔缺损患者存活至高龄，<span>继发孔型房间隔缺损患者存活至高龄，<span>继发孔型房间隔缺损患者存活至高龄，<span>继发孔型房间隔缺损患者存活至高龄</span><span>继发孔型房间隔缺损患者存活至高龄</span><span>继发孔型房间隔缺损患者存活至高龄</span><span>继发孔型房间隔缺损患者存活至高龄</span><span>继发孔型房间隔缺损患者存活至高龄</span><span>继发孔型房间隔缺损患者存活至高龄</span><span>继发孔型房间隔缺损患者存活至高龄，<span>继发孔型房间隔缺损患者存活至高龄</span></span></span></span></span> \r\n</p>\r\n<p style="text-indent:2em;">\r\n	<span><span><span><span><span>继发孔型房间隔缺损患者存活至高龄</span></span></span></span></span> \r\n</p>\r\n<p style="text-indent:2em;">\r\n	<span><span><span><span><br />\r\n</span></span></span></span> \r\n</p>\r\n<p style="text-indent:2em;">\r\n	<span><span><span><span><span>继发孔型房间隔缺损患者存活至高龄</span><span>继发孔型房间隔缺损患者存活至高龄</span><span>继发孔型房间隔缺损患者存活至高龄</span><span>继发孔型房间隔缺损患者存活至高龄</span><span>继发孔型房间隔缺损患者存活至高龄</span><span>继发孔型房间隔缺损患者存活至高龄</span><span>继发孔型房间隔缺损患者存活至高龄</span></span></span></span></span> \r\n</p>\r\n<p style="text-indent:2em;">\r\n	<span><span><span><span><span>继发孔型房间隔缺损患者存活至高龄</span><span>继发孔型房间隔缺损患者存活至高龄</span></span></span></span></span>一例\r\n</p>', 1, './assets/upfile/noPic.jpg', '2015-06-07'),
	(2, '\n儿童心脏骤停的预后及影响因素', '\n儿童心脏骤停的预后及影响因素', '\n儿童心脏骤停的预后及影响因素', 1, './assets/upfile/noPic.jpg', '2015-06-01'),
	(3, '生产诊断类产品的企业远多于治疗类企业', '生产诊断类产品的企业远多于治疗类企业', '生产诊断类产品的企业远多于治疗类企业', 1, './assets/upfile/noPic.jpg', '2015-06-01'),
	(5, '乐普医疗与宁波美联通共同设立北京医康世纪', '乐普医疗与宁波美联通共同设立北京医康世纪', '乐普医疗与宁波美联通共同设立北京医康世纪', 1, './assets/upfile/noPic.jpg', '2015-06-01'),
	(4, '\n一些元老级的股东也不满Medtronic', '\n一些元老级的股东也不满Medtronic', '\n一些元老级的股东也不满Medtronic', 1, './assets/upfile/noPic.jpg', '2015-06-01'),
	(6, '房间隔缺损封堵器', '诊断用电生理标测导管', '诊断用电生理标测导管', 2, './assets/upfile/noPic.jpg', '2015-06-02'),
	(7, ' 室间隔缺损封堵器', '治疗用电生理射频消融导管', '治疗用电生理射频消融导管', 2, './assets/upfile/noPic.jpg', '2015-06-02'),
	(8, ' 动脉导管未闭封堵器', ' 环形肺静脉标测导管', '\r\n环形肺静脉标测导管', 2, './assets/upfile/noPic.jpg', '2015-06-02'),
	(9, '圈套器', ' 诊断用电生理标测导管连接电缆', '\r\n诊断用电生理标测导管连接电缆', 2, './assets/upfile/noPic.jpg', '2015-06-02'),
	(10, '封堵器介入输送装置', ' 治疗用电生理射频消融导管连接电缆', '\r\n治疗用电生理射频消融导管连接电缆', 2, './assets/upfile/noPic.jpg', '2015-06-02'),
	(11, '有先天性心脏病能不能怀孕？aa', '有先天性心脏病能不能怀孕？aa', '有先天性心脏病能不能怀孕？', 3, './assets/upfile/noPic.jpg', '2015-06-11'),
	(12, ' 先天性心脏病的治疗', ' 先天性心脏病的治疗', '\r\n先天性心脏病的治疗', 3, './assets/upfile/noPic.jpg', '2015-06-03'),
	(13, '心跳与健康', '心跳与健康', '心跳与健康', 3, './assets/upfile/noPic.jpg', '2015-06-03'),
	(14, '心律失常病人应注意什么？', '心律失常病人应注意什么？', '心律失常病人应注意什么？', 3, './assets/upfile/noPic.jpg', '2015-06-03'),
	(15, '今天星期天', '今天星期天', '今天星期天', 3, './assets/upfile/file_1433002543_4019.jpg', '2015-06-03'),
	(21, '六月三号测试', '新闻简介', '新闻详情', 3, './assets/upfile/file_1433338197_5032.jpg', '2015-06-03'),
	(22, '六月三号测试2', '新闻简介2', '2222222', 1, './assets/upfile/noPic.jpg', '2015-06-03'),
	(23, '测试kindeditor', '测试kindeditor简介', '<h1>\n	<strong>测试kindeditor内容1</strong>\n</h1>\n<p>\n	<em><span style="color:#E56600;">测试kindeditor内容2</span></em>\n</p>\n<p>\n	<span style="font-family:Microsoft YaHei;"><strong>测试kindeditor内容3</strong></span>\n</p>\n<p>\n	<img src="/company/company/assets/85b96e33/attached/image/20150604/20150604033817_13118.jpg" alt="" />\n</p>', 2, './assets/upfile/file_1433389140_6474.jpg', '2015-06-04'),
	(24, '测试606', '测试606', '<p>\r\n	测试606\r\n</p>\r\n<p>\r\n	<span style="color:#E53333;">测试606</span><span style="color:#E53333;"></span>\r\n</p>', 1, './assets/upfile/noPic.jpg', '2015-06-04'),
	(25, 'aaaaaa', '新闻简介', '<span style="color:#58595B;font-family:\'Microsoft YaHei\', Arial, Helvetica, sans-serif;font-weight:bold;line-height:normal;background-color:#FFFFFF;">新闻内容</span><span style="color:#58595B;font-family:\'Microsoft YaHei\', Arial, Helvetica, sans-serif;font-weight:bold;line-height:normal;background-color:#FFFFFF;">新闻内容</span><span style="color:#58595B;font-family:\'Microsoft YaHei\', Arial, Helvetica, sans-serif;font-weight:bold;line-height:normal;background-color:#FFFFFF;">新闻内容</span><span style="color:#58595B;font-family:\'Microsoft YaHei\', Arial, Helvetica, sans-serif;font-weight:bold;line-height:normal;background-color:#FFFFFF;">新闻内容</span><span style="color:#58595B;font-family:\'Microsoft YaHei\', Arial, Helvetica, sans-serif;font-weight:bold;line-height:normal;background-color:#FFFFFF;">新闻内容</span><span style="color:#58595B;font-family:\'Microsoft YaHei\', Arial, Helvetica, sans-serif;font-weight:bold;line-height:normal;background-color:#FFFFFF;">新闻内容</span><span style="color:#58595B;font-family:\'Microsoft YaHei\', Arial, Helvetica, sans-serif;font-weight:bold;line-height:normal;background-color:#FFFFFF;">新闻内容</span><span style="color:#58595B;font-family:\'Microsoft YaHei\', Arial, Helvetica, sans-serif;font-weight:bold;line-height:normal;background-color:#FFFFFF;">新闻内容</span><span style="color:#58595B;font-family:\'Microsoft YaHei\', Arial, Helvetica, sans-serif;font-weight:bold;line-height:normal;background-color:#FFFFFF;">新闻内容</span><span style="color:#58595B;font-family:\'Microsoft YaHei\', Arial, Helvetica, sans-serif;font-weight:bold;line-height:normal;background-color:#FFFFFF;">新闻内容</span><span style="color:#58595B;font-family:\'Microsoft YaHei\', Arial, Helvetica, sans-serif;font-weight:bold;line-height:normal;background-color:#FFFFFF;">新闻内容</span><span style="color:#58595B;font-family:\'Microsoft YaHei\', Arial, Helvetica, sans-serif;font-weight:bold;line-height:normal;background-color:#FFFFFF;">新闻内容</span><span style="color:#58595B;font-family:\'Microsoft YaHei\', Arial, Helvetica, sans-serif;font-weight:bold;line-height:normal;background-color:#FFFFFF;">新闻内容</span><span style="color:#58595B;font-family:\'Microsoft YaHei\', Arial, Helvetica, sans-serif;font-weight:bold;line-height:normal;background-color:#FFFFFF;">新闻内容</span><span style="color:#58595B;font-family:\'Microsoft YaHei\', Arial, Helvetica, sans-serif;font-weight:bold;line-height:normal;background-color:#FFFFFF;">新闻内容</span><span style="color:#58595B;font-family:\'Microsoft YaHei\', Arial, Helvetica, sans-serif;font-weight:bold;line-height:normal;background-color:#FFFFFF;">新闻内容</span><span style="color:#58595B;font-family:\'Microsoft YaHei\', Arial, Helvetica, sans-serif;font-weight:bold;line-height:normal;background-color:#FFFFFF;">新闻内容</span><span style="color:#58595B;font-family:\'Microsoft YaHei\', Arial, Helvetica, sans-serif;font-weight:bold;line-height:normal;background-color:#FFFFFF;">新闻内容</span><span style="color:#58595B;font-family:\'Microsoft YaHei\', Arial, Helvetica, sans-serif;font-weight:bold;line-height:normal;background-color:#FFFFFF;">新闻内容</span><span style="color:#58595B;font-family:\'Microsoft YaHei\', Arial, Helvetica, sans-serif;font-weight:bold;line-height:normal;background-color:#FFFFFF;">新闻内容</span><span style="color:#58595B;font-family:\'Microsoft YaHei\', Arial, Helvetica, sans-serif;font-weight:bold;line-height:normal;background-color:#FFFFFF;">新闻内容</span><span style="color:#58595B;font-family:\'Microsoft YaHei\', Arial, Helvetica, sans-serif;font-weight:bold;line-height:normal;background-color:#FFFFFF;">新闻内容</span><span style="color:#58595B;font-family:\'Microsoft YaHei\', Arial, Helvetica, sans-serif;font-weight:bold;line-height:normal;background-color:#FFFFFF;">新闻内容</span><span style="color:#58595B;font-family:\'Microsoft YaHei\', Arial, Helvetica, sans-serif;font-weight:bold;line-height:normal;background-color:#FFFFFF;">新闻内容</span><span style="color:#58595B;font-family:\'Microsoft YaHei\', Arial, Helvetica, sans-serif;font-weight:bold;line-height:normal;background-color:#FFFFFF;">新闻内容</span>', 1, './assets/upfile/file_1434041073_5818.png', '2015-06-12');
/*!40000 ALTER TABLE `news` ENABLE KEYS */;


-- 导出  表 shxz.product 结构
DROP TABLE IF EXISTS `product`;
CREATE TABLE IF NOT EXISTS `product` (
  `productId` int(10) NOT NULL AUTO_INCREMENT,
  `type` tinyint(4) NOT NULL DEFAULT '0',
  `categoryId` int(10) NOT NULL,
  `title` varchar(120) NOT NULL,
  `pic` varchar(255) NOT NULL COMMENT '图片',
  `profile` text NOT NULL COMMENT '简介',
  `content` text NOT NULL,
  `status` tinyint(4) NOT NULL DEFAULT '0',
  `addTime` datetime NOT NULL DEFAULT '0000-00-00 00:00:00',
  `modTime` timestamp NOT NULL DEFAULT CURRENT_TIMESTAMP ON UPDATE CURRENT_TIMESTAMP,
  PRIMARY KEY (`productId`)
) ENGINE=InnoDB AUTO_INCREMENT=43 DEFAULT CHARSET=utf8 COMMENT='产品列表';

-- 正在导出表  shxz.product 的数据：~46 rows (大约)
DELETE FROM `product`;
/*!40000 ALTER TABLE `product` DISABLE KEYS */;
INSERT INTO `product` (`productId`, `type`, `categoryId`, `title`, `pic`, `profile`, `content`, `status`, `addTime`, `modTime`) VALUES
	(3, 0, 3, '先心产品', './assets/upfile/file_1434034925_6728.png', '<span style="font-size:13.3333339691162px;">摘要</span><span style="font-size:13.3333339691162px;">摘要</span><span style="font-size:13.3333339691162px;">摘要</span><span style="font-size:13.3333339691162px;">摘要</span><span style="font-size:13.3333339691162px;">摘要</span><span style="font-size:13.3333339691162px;">摘要</span><span style="font-size:13.3333339691162px;">摘要</span><span style="font-size:13.3333339691162px;">摘要</span>摘要<span style="font-size:13.3333339691162px;">摘要</span><span style="font-size:13.3333339691162px;">摘要</span>摘要<span style="font-size:13.3333339691162px;">摘要</span><span style="font-size:13.3333339691162px;">摘要</span>', '阿斯顿发送到辅导费风SFASDF SAD FSAD FDSAF SD FFASDF SADF&nbsp;<br />', -1, '0000-00-00 00:00:00', '2015-06-12 00:15:27'),
	(4, 0, 3, '先心产品', './assets/upfile/noPic.jpg', '<span style="font-size:13.3333339691162px;">摘要</span><span style="font-size:13.3333339691162px;">摘要</span><span style="font-size:13.3333339691162px;">摘要</span><span style="font-size:13.3333339691162px;">摘要</span><span style="font-size:13.3333339691162px;">摘要</span><span style="font-size:13.3333339691162px;">摘要</span><span style="font-size:13.3333339691162px;">摘要</span><span style="font-size:13.3333339691162px;">摘要</span>摘要<span style="font-size:13.3333339691162px;">摘要</span><span style="font-size:13.3333339691162px;">摘要</span>摘要<span style="font-size:13.3333339691162px;">摘要</span><span style="font-size:13.3333339691162px;">摘要</span>', '阿斯顿发送到辅导费风SFASDF SAD FSAD FDSAF SD FFASDF SADF&nbsp;<br />', -1, '0000-00-00 00:00:00', '2015-06-14 00:57:00'),
	(5, 0, 3, '先心产品', './assets/upfile/noPic.jpg', '<span style="font-size:13.3333339691162px;">摘要</span><span style="font-size:13.3333339691162px;">摘要</span><span style="font-size:13.3333339691162px;">摘要</span><span style="font-size:13.3333339691162px;">摘要</span><span style="font-size:13.3333339691162px;">摘要</span><span style="font-size:13.3333339691162px;">摘要</span><span style="font-size:13.3333339691162px;">摘要</span><span style="font-size:13.3333339691162px;">摘要</span>摘要<span style="font-size:13.3333339691162px;">摘要</span><span style="font-size:13.3333339691162px;">摘要</span>摘要<span style="font-size:13.3333339691162px;">摘要</span><span style="font-size:13.3333339691162px;">摘要</span>', '阿斯顿发送到辅导费风SFASDF SAD FSAD FDSAF SD FFASDF SADF&nbsp;<br />', -1, '0000-00-00 00:00:00', '2015-06-12 00:57:15'),
	(6, 0, 3, '先心产品1', './assets/upfile/file_1434035391_5832.png', '<span style="color:#58595B;font-family:\'Microsoft YaHei\', Arial, Helvetica, sans-serif;font-weight:bold;line-height:normal;background-color:#FFFFFF;">摘要&nbsp;</span><span class="required" style="font-family:\'Microsoft YaHei\', Arial, Helvetica, sans-serif;font-weight:bold;line-height:normal;vertical-align:baseline;color:red;background-color:#FFFFFF;">*</span><span style="color:#58595B;font-family:\'Microsoft YaHei\', Arial, Helvetica, sans-serif;font-weight:bold;line-height:normal;background-color:#FFFFFF;">摘要&nbsp;</span><span class="required" style="font-family:\'Microsoft YaHei\', Arial, Helvetica, sans-serif;font-weight:bold;line-height:normal;vertical-align:baseline;color:red;background-color:#FFFFFF;">*</span><span style="color:#58595B;font-family:\'Microsoft YaHei\', Arial, Helvetica, sans-serif;font-weight:bold;line-height:normal;background-color:#FFFFFF;">摘要&nbsp;</span><span class="required" style="font-family:\'Microsoft YaHei\', Arial, Helvetica, sans-serif;font-weight:bold;line-height:normal;vertical-align:baseline;color:red;background-color:#FFFFFF;">*</span><span style="color:#58595B;font-family:\'Microsoft YaHei\', Arial, Helvetica, sans-serif;font-weight:bold;line-height:normal;background-color:#FFFFFF;">摘要&nbsp;</span><span class="required" style="font-family:\'Microsoft YaHei\', Arial, Helvetica, sans-serif;font-weight:bold;line-height:normal;vertical-align:baseline;color:red;background-color:#FFFFFF;">*</span><span style="color:#58595B;font-family:\'Microsoft YaHei\', Arial, Helvetica, sans-serif;font-weight:bold;line-height:normal;background-color:#FFFFFF;">摘要&nbsp;</span><span class="required" style="font-family:\'Microsoft YaHei\', Arial, Helvetica, sans-serif;font-weight:bold;line-height:normal;vertical-align:baseline;color:red;background-color:#FFFFFF;">*</span>摘要&nbsp;*<span style="color:#58595B;font-family:\'Microsoft YaHei\', Arial, Helvetica, sans-serif;font-weight:bold;line-height:normal;background-color:#FFFFFF;">摘要&nbsp;</span><span class="required" style="font-family:\'Microsoft YaHei\', Arial, Helvetica, sans-serif;font-weight:bold;line-height:normal;vertical-align:baseline;color:red;background-color:#FFFFFF;">*</span><span style="color:#58595B;font-family:\'Microsoft YaHei\', Arial, Helvetica, sans-serif;font-weight:bold;line-height:normal;background-color:#FFFFFF;">摘要&nbsp;</span><span class="required" style="font-family:\'Microsoft YaHei\', Arial, Helvetica, sans-serif;font-weight:bold;line-height:normal;vertical-align:baseline;color:red;background-color:#FFFFFF;">*</span>摘要&nbsp;*<span style="color:#58595B;font-family:\'Microsoft YaHei\', Arial, Helvetica, sans-serif;font-weight:bold;line-height:normal;background-color:#FFFFFF;">摘要&nbsp;</span><span class="required" style="font-family:\'Microsoft YaHei\', Arial, Helvetica, sans-serif;font-weight:bold;line-height:normal;vertical-align:baseline;color:red;background-color:#FFFFFF;">*</span><span style="color:#58595B;font-family:\'Microsoft YaHei\', Arial, Helvetica, sans-serif;font-weight:bold;line-height:normal;background-color:#FFFFFF;">摘要&nbsp;</span><span class="required" style="font-family:\'Microsoft YaHei\', Arial, Helvetica, sans-serif;font-weight:bold;line-height:normal;vertical-align:baseline;color:red;background-color:#FFFFFF;">*</span><span style="color:#58595B;font-family:\'Microsoft YaHei\', Arial, Helvetica, sans-serif;font-weight:bold;line-height:normal;background-color:#FFFFFF;">摘要&nbsp;</span><span class="required" style="font-family:\'Microsoft YaHei\', Arial, Helvetica, sans-serif;font-weight:bold;line-height:normal;vertical-align:baseline;color:red;background-color:#FFFFFF;">*</span><span style="color:#58595B;font-family:\'Microsoft YaHei\', Arial, Helvetica, sans-serif;font-weight:bold;line-height:normal;background-color:#FFFFFF;">摘要&nbsp;</span><span class="required" style="font-family:\'Microsoft YaHei\', Arial, Helvetica, sans-serif;font-weight:bold;line-height:normal;vertical-align:baseline;color:red;background-color:#FFFFFF;">*</span><span style="color:#58595B;font-family:\'Microsoft YaHei\', Arial, Helvetica, sans-serif;font-weight:bold;line-height:normal;background-color:#FFFFFF;">摘要&nbsp;</span><span class="required" style="font-family:\'Microsoft YaHei\', Arial, Helvetica, sans-serif;font-weight:bold;line-height:normal;vertical-align:baseline;color:red;background-color:#FFFFFF;">*</span>', '<span>内容</span><span>内容</span><span>内容</span><span>内容</span><span>内容</span><span>内容</span><span>内容</span><span>内容</span><span>内容</span><span>内容</span><span>内容</span><span>内容</span><span>内容</span><span>内容</span><span>内容</span><span>内容</span><span>内容</span><span>内容</span><span>内容</span><span>内容</span><span>内容</span><span>内容</span><span>内容</span><span>内容</span><span>内容</span><span>内容</span><span>内容</span><span>内容</span><span>内容</span><span>内容</span>', -1, '0000-00-00 00:00:00', '2015-06-12 00:12:41'),
	(7, 0, 3, '先心产品22popo', './assets/upfile/file_1434041824_7796.png', '摘要阿桑大黄蜂卡萨丁飞洒的房间阿隆索的减肥路快速将阿道夫卢卡斯发生了南方的萨菲lkj', '<span>内容内容</span><span>内容内容</span><span>内容内容</span><span>内容内容</span><span>内容内容</span><span>内容内容</span><span>内容内容</span><span>内容内容</span>', -1, '0000-00-00 00:00:00', '2015-06-14 00:57:01'),
	(8, 0, 3, '先心产品22', './assets/upfile/noPic.jpg', '<h1 style="font-family:\'Microsoft YaHei\', Arial, Helvetica, sans-serif;font-size:24px;font-weight:500;vertical-align:baseline;color:#58595B;background-color:#FFFFFF;">	新建产品</h1><h1 style="font-family:\'Microsoft YaHei\', Arial, Helvetica, sans-serif;font-size:24px;font-weight:500;vertical-align:baseline;color:#58595B;background-color:#FFFFFF;">	新建产品</h1><h1 style="font-family:\'Microsoft YaHei\', Arial, Helvetica, sans-serif;font-size:24px;font-weight:500;vertical-align:baseline;color:#58595B;background-color:#FFFFFF;">	新建产品</h1><h1 style="font-family:\'Microsoft YaHei\', Arial, Helvetica, sans-serif;font-size:24px;font-weight:500;vertical-align:baseline;color:#58595B;background-color:#FFFFFF;">	新建产品</h1><h1 style="font-family:\'Microsoft YaHei\', Arial, Helvetica, sans-serif;font-size:24px;font-weight:500;vertical-align:baseline;color:#58595B;background-color:#FFFFFF;">	新建产品</h1><h1 style="font-family:\'Microsoft YaHei\', Arial, Helvetica, sans-serif;font-size:24px;font-weight:500;vertical-align:baseline;color:#58595B;background-color:#FFFFFF;">	新建产品</h1><h1 style="font-family:\'Microsoft YaHei\', Arial, Helvetica, sans-serif;font-size:24px;font-weight:500;vertical-align:baseline;color:#58595B;background-color:#FFFFFF;">	新建产品</h1><h1 style="font-family:\'Microsoft YaHei\', Arial, Helvetica, sans-serif;font-size:24px;font-weight:500;vertical-align:baseline;color:#58595B;background-color:#FFFFFF;">	新建产品</h1>', '<span>内容内容</span><span>内容内容</span><span>内容内容</span><span>内容内容</span><span>内容内容</span><span>内容内容</span><span>内容内容</span><span>内容内容</span>', -1, '0000-00-00 00:00:00', '2015-06-14 00:57:03'),
	(9, 0, 3, '先心产品22', './assets/upfile/file_1434041490_9612.png', '<h1 style="font-family:\'Microsoft YaHei\', Arial, Helvetica, sans-serif;font-size:24px;font-weight:500;vertical-align:baseline;color:#58595B;background-color:#FFFFFF;">	新建产品</h1><h1 style="font-family:\'Microsoft YaHei\', Arial, Helvetica, sans-serif;font-size:24px;font-weight:500;vertical-align:baseline;color:#58595B;background-color:#FFFFFF;">	新建产品</h1><h1 style="font-family:\'Microsoft YaHei\', Arial, Helvetica, sans-serif;font-size:24px;font-weight:500;vertical-align:baseline;color:#58595B;background-color:#FFFFFF;">	新建产品</h1><h1 style="font-family:\'Microsoft YaHei\', Arial, Helvetica, sans-serif;font-size:24px;font-weight:500;vertical-align:baseline;color:#58595B;background-color:#FFFFFF;">	新建产品</h1><h1 style="font-family:\'Microsoft YaHei\', Arial, Helvetica, sans-serif;font-size:24px;font-weight:500;vertical-align:baseline;color:#58595B;background-color:#FFFFFF;">	新建产品</h1><h1 style="font-family:\'Microsoft YaHei\', Arial, Helvetica, sans-serif;font-size:24px;font-weight:500;vertical-align:baseline;color:#58595B;background-color:#FFFFFF;">	新建产品</h1><h1 style="font-family:\'Microsoft YaHei\', Arial, Helvetica, sans-serif;font-size:24px;font-weight:500;vertical-align:baseline;color:#58595B;background-color:#FFFFFF;">	新建产品</h1><h1 style="font-family:\'Microsoft YaHei\', Arial, Helvetica, sans-serif;font-size:24px;font-weight:500;vertical-align:baseline;color:#58595B;background-color:#FFFFFF;">	新建产品</h1>', '<span>内容内容</span><span>内容内容</span><span>内容内容</span><span>内容内容</span><span>内容内容</span><span>内容内容</span><span>内容内容</span><span>内容内容</span>', -1, '0000-00-00 00:00:00', '2015-06-14 00:57:04'),
	(10, 0, 3, '先心产品22', './assets/upfile/file_1434035536_9833.png', '<h1 style="font-family:\'Microsoft YaHei\', Arial, Helvetica, sans-serif;font-size:24px;font-weight:500;vertical-align:baseline;color:#58595B;background-color:#FFFFFF;">	新建产品</h1><h1 style="font-family:\'Microsoft YaHei\', Arial, Helvetica, sans-serif;font-size:24px;font-weight:500;vertical-align:baseline;color:#58595B;background-color:#FFFFFF;">	新建产品</h1><h1 style="font-family:\'Microsoft YaHei\', Arial, Helvetica, sans-serif;font-size:24px;font-weight:500;vertical-align:baseline;color:#58595B;background-color:#FFFFFF;">	新建产品</h1><h1 style="font-family:\'Microsoft YaHei\', Arial, Helvetica, sans-serif;font-size:24px;font-weight:500;vertical-align:baseline;color:#58595B;background-color:#FFFFFF;">	新建产品</h1><h1 style="font-family:\'Microsoft YaHei\', Arial, Helvetica, sans-serif;font-size:24px;font-weight:500;vertical-align:baseline;color:#58595B;background-color:#FFFFFF;">	新建产品</h1><h1 style="font-family:\'Microsoft YaHei\', Arial, Helvetica, sans-serif;font-size:24px;font-weight:500;vertical-align:baseline;color:#58595B;background-color:#FFFFFF;">	新建产品</h1><h1 style="font-family:\'Microsoft YaHei\', Arial, Helvetica, sans-serif;font-size:24px;font-weight:500;vertical-align:baseline;color:#58595B;background-color:#FFFFFF;">	新建产品</h1><h1 style="font-family:\'Microsoft YaHei\', Arial, Helvetica, sans-serif;font-size:24px;font-weight:500;vertical-align:baseline;color:#58595B;background-color:#FFFFFF;">	新建产品</h1>', '<span>内容内容</span><span>内容内容</span><span>内容内容</span><span>内容内容</span><span>内容内容</span><span>内容内容</span><span>内容内容</span><span>内容内容</span>', -1, '0000-00-00 00:00:00', '2015-06-14 00:57:05'),
	(11, 0, 3, '先心产品22', './assets/upfile/file_1434035540_3262.png', '<h1 style="font-family:\'Microsoft YaHei\', Arial, Helvetica, sans-serif;font-size:24px;font-weight:500;vertical-align:baseline;color:#58595B;background-color:#FFFFFF;">	新建产品</h1><h1 style="font-family:\'Microsoft YaHei\', Arial, Helvetica, sans-serif;font-size:24px;font-weight:500;vertical-align:baseline;color:#58595B;background-color:#FFFFFF;">	新建产品</h1><h1 style="font-family:\'Microsoft YaHei\', Arial, Helvetica, sans-serif;font-size:24px;font-weight:500;vertical-align:baseline;color:#58595B;background-color:#FFFFFF;">	新建产品</h1><h1 style="font-family:\'Microsoft YaHei\', Arial, Helvetica, sans-serif;font-size:24px;font-weight:500;vertical-align:baseline;color:#58595B;background-color:#FFFFFF;">	新建产品</h1><h1 style="font-family:\'Microsoft YaHei\', Arial, Helvetica, sans-serif;font-size:24px;font-weight:500;vertical-align:baseline;color:#58595B;background-color:#FFFFFF;">	新建产品</h1><h1 style="font-family:\'Microsoft YaHei\', Arial, Helvetica, sans-serif;font-size:24px;font-weight:500;vertical-align:baseline;color:#58595B;background-color:#FFFFFF;">	新建产品</h1><h1 style="font-family:\'Microsoft YaHei\', Arial, Helvetica, sans-serif;font-size:24px;font-weight:500;vertical-align:baseline;color:#58595B;background-color:#FFFFFF;">	新建产品</h1><h1 style="font-family:\'Microsoft YaHei\', Arial, Helvetica, sans-serif;font-size:24px;font-weight:500;vertical-align:baseline;color:#58595B;background-color:#FFFFFF;">	新建产品</h1>', '<span>内容内容</span><span>内容内容</span><span>内容内容</span><span>内容内容</span><span>内容内容</span><span>内容内容</span><span>内容内容</span><span>内容内容</span>', -1, '0000-00-00 00:00:00', '2015-06-14 00:57:05'),
	(12, 0, 3, '先心产品22', './assets/upfile/file_1434035540_7933.png', '<h1 style="font-family:\'Microsoft YaHei\', Arial, Helvetica, sans-serif;font-size:24px;font-weight:500;vertical-align:baseline;color:#58595B;background-color:#FFFFFF;">	新建产品</h1><h1 style="font-family:\'Microsoft YaHei\', Arial, Helvetica, sans-serif;font-size:24px;font-weight:500;vertical-align:baseline;color:#58595B;background-color:#FFFFFF;">	新建产品</h1><h1 style="font-family:\'Microsoft YaHei\', Arial, Helvetica, sans-serif;font-size:24px;font-weight:500;vertical-align:baseline;color:#58595B;background-color:#FFFFFF;">	新建产品</h1><h1 style="font-family:\'Microsoft YaHei\', Arial, Helvetica, sans-serif;font-size:24px;font-weight:500;vertical-align:baseline;color:#58595B;background-color:#FFFFFF;">	新建产品</h1><h1 style="font-family:\'Microsoft YaHei\', Arial, Helvetica, sans-serif;font-size:24px;font-weight:500;vertical-align:baseline;color:#58595B;background-color:#FFFFFF;">	新建产品</h1><h1 style="font-family:\'Microsoft YaHei\', Arial, Helvetica, sans-serif;font-size:24px;font-weight:500;vertical-align:baseline;color:#58595B;background-color:#FFFFFF;">	新建产品</h1><h1 style="font-family:\'Microsoft YaHei\', Arial, Helvetica, sans-serif;font-size:24px;font-weight:500;vertical-align:baseline;color:#58595B;background-color:#FFFFFF;">	新建产品</h1><h1 style="font-family:\'Microsoft YaHei\', Arial, Helvetica, sans-serif;font-size:24px;font-weight:500;vertical-align:baseline;color:#58595B;background-color:#FFFFFF;">	新建产品</h1>', '<span>内容内容</span><span>内容内容</span><span>内容内容</span><span>内容内容</span><span>内容内容</span><span>内容内容</span><span>内容内容</span><span>内容内容</span>', -1, '0000-00-00 00:00:00', '2015-06-14 00:57:06'),
	(13, 0, 3, '先心产品22', './assets/upfile/file_1434035540_8045.png', '<h1 style="font-family:\'Microsoft YaHei\', Arial, Helvetica, sans-serif;font-size:24px;font-weight:500;vertical-align:baseline;color:#58595B;background-color:#FFFFFF;">	新建产品</h1><h1 style="font-family:\'Microsoft YaHei\', Arial, Helvetica, sans-serif;font-size:24px;font-weight:500;vertical-align:baseline;color:#58595B;background-color:#FFFFFF;">	新建产品</h1><h1 style="font-family:\'Microsoft YaHei\', Arial, Helvetica, sans-serif;font-size:24px;font-weight:500;vertical-align:baseline;color:#58595B;background-color:#FFFFFF;">	新建产品</h1><h1 style="font-family:\'Microsoft YaHei\', Arial, Helvetica, sans-serif;font-size:24px;font-weight:500;vertical-align:baseline;color:#58595B;background-color:#FFFFFF;">	新建产品</h1><h1 style="font-family:\'Microsoft YaHei\', Arial, Helvetica, sans-serif;font-size:24px;font-weight:500;vertical-align:baseline;color:#58595B;background-color:#FFFFFF;">	新建产品</h1><h1 style="font-family:\'Microsoft YaHei\', Arial, Helvetica, sans-serif;font-size:24px;font-weight:500;vertical-align:baseline;color:#58595B;background-color:#FFFFFF;">	新建产品</h1><h1 style="font-family:\'Microsoft YaHei\', Arial, Helvetica, sans-serif;font-size:24px;font-weight:500;vertical-align:baseline;color:#58595B;background-color:#FFFFFF;">	新建产品</h1><h1 style="font-family:\'Microsoft YaHei\', Arial, Helvetica, sans-serif;font-size:24px;font-weight:500;vertical-align:baseline;color:#58595B;background-color:#FFFFFF;">	新建产品</h1>', '<span>内容内容</span><span>内容内容</span><span>内容内容</span><span>内容内容</span><span>内容内容</span><span>内容内容</span><span>内容内容</span><span>内容内容</span>', -1, '0000-00-00 00:00:00', '2015-06-14 00:57:07'),
	(14, 0, 3, '先心产品22', './assets/upfile/file_1434035541_6233.png', '<h1 style="font-family:\'Microsoft YaHei\', Arial, Helvetica, sans-serif;font-size:24px;font-weight:500;vertical-align:baseline;color:#58595B;background-color:#FFFFFF;">	新建产品</h1><h1 style="font-family:\'Microsoft YaHei\', Arial, Helvetica, sans-serif;font-size:24px;font-weight:500;vertical-align:baseline;color:#58595B;background-color:#FFFFFF;">	新建产品</h1><h1 style="font-family:\'Microsoft YaHei\', Arial, Helvetica, sans-serif;font-size:24px;font-weight:500;vertical-align:baseline;color:#58595B;background-color:#FFFFFF;">	新建产品</h1><h1 style="font-family:\'Microsoft YaHei\', Arial, Helvetica, sans-serif;font-size:24px;font-weight:500;vertical-align:baseline;color:#58595B;background-color:#FFFFFF;">	新建产品</h1><h1 style="font-family:\'Microsoft YaHei\', Arial, Helvetica, sans-serif;font-size:24px;font-weight:500;vertical-align:baseline;color:#58595B;background-color:#FFFFFF;">	新建产品</h1><h1 style="font-family:\'Microsoft YaHei\', Arial, Helvetica, sans-serif;font-size:24px;font-weight:500;vertical-align:baseline;color:#58595B;background-color:#FFFFFF;">	新建产品</h1><h1 style="font-family:\'Microsoft YaHei\', Arial, Helvetica, sans-serif;font-size:24px;font-weight:500;vertical-align:baseline;color:#58595B;background-color:#FFFFFF;">	新建产品</h1><h1 style="font-family:\'Microsoft YaHei\', Arial, Helvetica, sans-serif;font-size:24px;font-weight:500;vertical-align:baseline;color:#58595B;background-color:#FFFFFF;">	新建产品</h1>', '<span>内容内容</span><span>内容内容</span><span>内容内容</span><span>内容内容</span><span>内容内容</span><span>内容内容</span><span>内容内容</span><span>内容内容</span>', -1, '0000-00-00 00:00:00', '2015-06-14 00:57:08'),
	(15, 0, 3, '先心产品22', './assets/upfile/file_1434035541_4303.png', '<h1 style="font-family:\'Microsoft YaHei\', Arial, Helvetica, sans-serif;font-size:24px;font-weight:500;vertical-align:baseline;color:#58595B;background-color:#FFFFFF;">	新建产品</h1><h1 style="font-family:\'Microsoft YaHei\', Arial, Helvetica, sans-serif;font-size:24px;font-weight:500;vertical-align:baseline;color:#58595B;background-color:#FFFFFF;">	新建产品</h1><h1 style="font-family:\'Microsoft YaHei\', Arial, Helvetica, sans-serif;font-size:24px;font-weight:500;vertical-align:baseline;color:#58595B;background-color:#FFFFFF;">	新建产品</h1><h1 style="font-family:\'Microsoft YaHei\', Arial, Helvetica, sans-serif;font-size:24px;font-weight:500;vertical-align:baseline;color:#58595B;background-color:#FFFFFF;">	新建产品</h1><h1 style="font-family:\'Microsoft YaHei\', Arial, Helvetica, sans-serif;font-size:24px;font-weight:500;vertical-align:baseline;color:#58595B;background-color:#FFFFFF;">	新建产品</h1><h1 style="font-family:\'Microsoft YaHei\', Arial, Helvetica, sans-serif;font-size:24px;font-weight:500;vertical-align:baseline;color:#58595B;background-color:#FFFFFF;">	新建产品</h1><h1 style="font-family:\'Microsoft YaHei\', Arial, Helvetica, sans-serif;font-size:24px;font-weight:500;vertical-align:baseline;color:#58595B;background-color:#FFFFFF;">	新建产品</h1><h1 style="font-family:\'Microsoft YaHei\', Arial, Helvetica, sans-serif;font-size:24px;font-weight:500;vertical-align:baseline;color:#58595B;background-color:#FFFFFF;">	新建产品</h1>', '<span>内容内容</span><span>内容内容</span><span>内容内容</span><span>内容内容</span><span>内容内容</span><span>内容内容</span><span>内容内容</span><span>内容内容</span>', -1, '0000-00-00 00:00:00', '2015-06-14 00:56:04'),
	(16, 0, 3, '先心产品22', './assets/upfile/file_1434035541_8417.png', '<h1 style="font-family:\'Microsoft YaHei\', Arial, Helvetica, sans-serif;font-size:24px;font-weight:500;vertical-align:baseline;color:#58595B;background-color:#FFFFFF;">	新建产品</h1><h1 style="font-family:\'Microsoft YaHei\', Arial, Helvetica, sans-serif;font-size:24px;font-weight:500;vertical-align:baseline;color:#58595B;background-color:#FFFFFF;">	新建产品</h1><h1 style="font-family:\'Microsoft YaHei\', Arial, Helvetica, sans-serif;font-size:24px;font-weight:500;vertical-align:baseline;color:#58595B;background-color:#FFFFFF;">	新建产品</h1><h1 style="font-family:\'Microsoft YaHei\', Arial, Helvetica, sans-serif;font-size:24px;font-weight:500;vertical-align:baseline;color:#58595B;background-color:#FFFFFF;">	新建产品</h1><h1 style="font-family:\'Microsoft YaHei\', Arial, Helvetica, sans-serif;font-size:24px;font-weight:500;vertical-align:baseline;color:#58595B;background-color:#FFFFFF;">	新建产品</h1><h1 style="font-family:\'Microsoft YaHei\', Arial, Helvetica, sans-serif;font-size:24px;font-weight:500;vertical-align:baseline;color:#58595B;background-color:#FFFFFF;">	新建产品</h1><h1 style="font-family:\'Microsoft YaHei\', Arial, Helvetica, sans-serif;font-size:24px;font-weight:500;vertical-align:baseline;color:#58595B;background-color:#FFFFFF;">	新建产品</h1><h1 style="font-family:\'Microsoft YaHei\', Arial, Helvetica, sans-serif;font-size:24px;font-weight:500;vertical-align:baseline;color:#58595B;background-color:#FFFFFF;">	新建产品</h1>', '<span>内容内容</span><span>内容内容</span><span>内容内容</span><span>内容内容</span><span>内容内容</span><span>内容内容</span><span>内容内容</span><span>内容内容</span>', -1, '0000-00-00 00:00:00', '2015-06-14 00:57:13'),
	(17, 0, 3, '先心产品22', './assets/upfile/file_1434035541_9026.png', '<h1 style="font-family:\'Microsoft YaHei\', Arial, Helvetica, sans-serif;font-size:24px;font-weight:500;vertical-align:baseline;color:#58595B;background-color:#FFFFFF;">	新建产品</h1><h1 style="font-family:\'Microsoft YaHei\', Arial, Helvetica, sans-serif;font-size:24px;font-weight:500;vertical-align:baseline;color:#58595B;background-color:#FFFFFF;">	新建产品</h1><h1 style="font-family:\'Microsoft YaHei\', Arial, Helvetica, sans-serif;font-size:24px;font-weight:500;vertical-align:baseline;color:#58595B;background-color:#FFFFFF;">	新建产品</h1><h1 style="font-family:\'Microsoft YaHei\', Arial, Helvetica, sans-serif;font-size:24px;font-weight:500;vertical-align:baseline;color:#58595B;background-color:#FFFFFF;">	新建产品</h1><h1 style="font-family:\'Microsoft YaHei\', Arial, Helvetica, sans-serif;font-size:24px;font-weight:500;vertical-align:baseline;color:#58595B;background-color:#FFFFFF;">	新建产品</h1><h1 style="font-family:\'Microsoft YaHei\', Arial, Helvetica, sans-serif;font-size:24px;font-weight:500;vertical-align:baseline;color:#58595B;background-color:#FFFFFF;">	新建产品</h1><h1 style="font-family:\'Microsoft YaHei\', Arial, Helvetica, sans-serif;font-size:24px;font-weight:500;vertical-align:baseline;color:#58595B;background-color:#FFFFFF;">	新建产品</h1><h1 style="font-family:\'Microsoft YaHei\', Arial, Helvetica, sans-serif;font-size:24px;font-weight:500;vertical-align:baseline;color:#58595B;background-color:#FFFFFF;">	新建产品</h1>', '<span>内容内容</span><span>内容内容</span><span>内容内容</span><span>内容内容</span><span>内容内容</span><span>内容内容</span><span>内容内容</span><span>内容内容</span>', 0, '0000-00-00 00:00:00', '2015-06-11 23:14:07'),
	(18, 0, 3, '先心产品22', './assets/upfile/file_1434035542_2379.png', '<h1 style="font-family:\'Microsoft YaHei\', Arial, Helvetica, sans-serif;font-size:24px;font-weight:500;vertical-align:baseline;color:#58595B;background-color:#FFFFFF;">	新建产品</h1><h1 style="font-family:\'Microsoft YaHei\', Arial, Helvetica, sans-serif;font-size:24px;font-weight:500;vertical-align:baseline;color:#58595B;background-color:#FFFFFF;">	新建产品</h1><h1 style="font-family:\'Microsoft YaHei\', Arial, Helvetica, sans-serif;font-size:24px;font-weight:500;vertical-align:baseline;color:#58595B;background-color:#FFFFFF;">	新建产品</h1><h1 style="font-family:\'Microsoft YaHei\', Arial, Helvetica, sans-serif;font-size:24px;font-weight:500;vertical-align:baseline;color:#58595B;background-color:#FFFFFF;">	新建产品</h1><h1 style="font-family:\'Microsoft YaHei\', Arial, Helvetica, sans-serif;font-size:24px;font-weight:500;vertical-align:baseline;color:#58595B;background-color:#FFFFFF;">	新建产品</h1><h1 style="font-family:\'Microsoft YaHei\', Arial, Helvetica, sans-serif;font-size:24px;font-weight:500;vertical-align:baseline;color:#58595B;background-color:#FFFFFF;">	新建产品</h1><h1 style="font-family:\'Microsoft YaHei\', Arial, Helvetica, sans-serif;font-size:24px;font-weight:500;vertical-align:baseline;color:#58595B;background-color:#FFFFFF;">	新建产品</h1><h1 style="font-family:\'Microsoft YaHei\', Arial, Helvetica, sans-serif;font-size:24px;font-weight:500;vertical-align:baseline;color:#58595B;background-color:#FFFFFF;">	新建产品</h1>', '<span>内容内容</span><span>内容内容</span><span>内容内容</span><span>内容内容</span><span>内容内容</span><span>内容内容</span><span>内容内容</span><span>内容内容</span>', 0, '0000-00-00 00:00:00', '2015-06-11 23:14:07'),
	(19, 0, 3, '先心产品22', './assets/upfile/file_1434035547_5198.png', '<h1 style="font-family:\'Microsoft YaHei\', Arial, Helvetica, sans-serif;font-size:24px;font-weight:500;vertical-align:baseline;color:#58595B;background-color:#FFFFFF;">	新建产品</h1><h1 style="font-family:\'Microsoft YaHei\', Arial, Helvetica, sans-serif;font-size:24px;font-weight:500;vertical-align:baseline;color:#58595B;background-color:#FFFFFF;">	新建产品</h1><h1 style="font-family:\'Microsoft YaHei\', Arial, Helvetica, sans-serif;font-size:24px;font-weight:500;vertical-align:baseline;color:#58595B;background-color:#FFFFFF;">	新建产品</h1><h1 style="font-family:\'Microsoft YaHei\', Arial, Helvetica, sans-serif;font-size:24px;font-weight:500;vertical-align:baseline;color:#58595B;background-color:#FFFFFF;">	新建产品</h1><h1 style="font-family:\'Microsoft YaHei\', Arial, Helvetica, sans-serif;font-size:24px;font-weight:500;vertical-align:baseline;color:#58595B;background-color:#FFFFFF;">	新建产品</h1><h1 style="font-family:\'Microsoft YaHei\', Arial, Helvetica, sans-serif;font-size:24px;font-weight:500;vertical-align:baseline;color:#58595B;background-color:#FFFFFF;">	新建产品</h1><h1 style="font-family:\'Microsoft YaHei\', Arial, Helvetica, sans-serif;font-size:24px;font-weight:500;vertical-align:baseline;color:#58595B;background-color:#FFFFFF;">	新建产品</h1><h1 style="font-family:\'Microsoft YaHei\', Arial, Helvetica, sans-serif;font-size:24px;font-weight:500;vertical-align:baseline;color:#58595B;background-color:#FFFFFF;">	新建产品</h1>', '<span>内容内容</span><span>内容内容</span><span>内容内容</span><span>内容内容</span><span>内容内容</span><span>内容内容</span><span>内容内容</span><span>内容内容</span>', 0, '0000-00-00 00:00:00', '2015-06-11 23:14:07'),
	(20, 0, 2, '房间隔缺损封堵器', './assets/upfile/file_1434035547_8592.png', '<img src="/assets/56cfde58/attached/image/20150613/20150613164532_79694.jpg" alt="" width="920" height="426" title="" align="" />', '<img src="/assets/56cfde58/attached/image/20150613/20150613164543_70765.jpg" alt="" />', 0, '0000-00-00 00:00:00', '2015-06-11 23:14:07'),
	(21, 0, 2, '先心产品22', './assets/upfile/file_1434035548_9969.png', '<h1 style="font-family:\'Microsoft YaHei\', Arial, Helvetica, sans-serif;font-size:24px;font-weight:500;vertical-align:baseline;color:#58595B;background-color:#FFFFFF;">	新建产品</h1><h1 style="font-family:\'Microsoft YaHei\', Arial, Helvetica, sans-serif;font-size:24px;font-weight:500;vertical-align:baseline;color:#58595B;background-color:#FFFFFF;">	新建产品</h1><h1 style="font-family:\'Microsoft YaHei\', Arial, Helvetica, sans-serif;font-size:24px;font-weight:500;vertical-align:baseline;color:#58595B;background-color:#FFFFFF;">	新建产品</h1><h1 style="font-family:\'Microsoft YaHei\', Arial, Helvetica, sans-serif;font-size:24px;font-weight:500;vertical-align:baseline;color:#58595B;background-color:#FFFFFF;">	新建产品</h1><h1 style="font-family:\'Microsoft YaHei\', Arial, Helvetica, sans-serif;font-size:24px;font-weight:500;vertical-align:baseline;color:#58595B;background-color:#FFFFFF;">	新建产品</h1><h1 style="font-family:\'Microsoft YaHei\', Arial, Helvetica, sans-serif;font-size:24px;font-weight:500;vertical-align:baseline;color:#58595B;background-color:#FFFFFF;">	新建产品</h1><h1 style="font-family:\'Microsoft YaHei\', Arial, Helvetica, sans-serif;font-size:24px;font-weight:500;vertical-align:baseline;color:#58595B;background-color:#FFFFFF;">	新建产品</h1><h1 style="font-family:\'Microsoft YaHei\', Arial, Helvetica, sans-serif;font-size:24px;font-weight:500;vertical-align:baseline;color:#58595B;background-color:#FFFFFF;">	新建产品</h1>', '<span>内容内容</span><span>内容内容</span><span>内容内容</span><span>内容内容</span><span>内容内容</span><span>内容内容</span><span>内容内容</span><span>内容内容</span>', -1, '0000-00-00 00:00:00', '2015-06-13 14:33:17'),
	(22, 0, 2, '先心产品2201', './assets/upfile/file_1434035548_6921.png', '<h1 style="font-family:\'Microsoft YaHei\', Arial, Helvetica, sans-serif;font-size:24px;font-weight:500;vertical-align:baseline;color:#58595B;background-color:#FFFFFF;">	新建产品</h1><h1 style="font-family:\'Microsoft YaHei\', Arial, Helvetica, sans-serif;font-size:24px;font-weight:500;vertical-align:baseline;color:#58595B;background-color:#FFFFFF;">	新建产品</h1><h1 style="font-family:\'Microsoft YaHei\', Arial, Helvetica, sans-serif;font-size:24px;font-weight:500;vertical-align:baseline;color:#58595B;background-color:#FFFFFF;">	新建产品</h1><h1 style="font-family:\'Microsoft YaHei\', Arial, Helvetica, sans-serif;font-size:24px;font-weight:500;vertical-align:baseline;color:#58595B;background-color:#FFFFFF;">	新建产品</h1><h1 style="font-family:\'Microsoft YaHei\', Arial, Helvetica, sans-serif;font-size:24px;font-weight:500;vertical-align:baseline;color:#58595B;background-color:#FFFFFF;">	新建产品</h1><h1 style="font-family:\'Microsoft YaHei\', Arial, Helvetica, sans-serif;font-size:24px;font-weight:500;vertical-align:baseline;color:#58595B;background-color:#FFFFFF;">	新建产品</h1><h1 style="font-family:\'Microsoft YaHei\', Arial, Helvetica, sans-serif;font-size:24px;font-weight:500;vertical-align:baseline;color:#58595B;background-color:#FFFFFF;">	新建产品</h1><h1 style="font-family:\'Microsoft YaHei\', Arial, Helvetica, sans-serif;font-size:24px;font-weight:500;vertical-align:baseline;color:#58595B;background-color:#FFFFFF;">	新建产品</h1>', '<span>内容内容</span><span>内容内容</span><span>内容内容</span><span>内容内容</span><span>内容内容</span><span>内容内容</span><span>内容内容</span><span>内容内容</span>', 0, '0000-00-00 00:00:00', '2015-06-11 23:14:07'),
	(23, 0, 2, '先心产品22', './assets/upfile/file_1434035548_4158.png', '<h1 style="font-family:\'Microsoft YaHei\', Arial, Helvetica, sans-serif;font-size:24px;font-weight:500;vertical-align:baseline;color:#58595B;background-color:#FFFFFF;">	新建产品</h1><h1 style="font-family:\'Microsoft YaHei\', Arial, Helvetica, sans-serif;font-size:24px;font-weight:500;vertical-align:baseline;color:#58595B;background-color:#FFFFFF;">	新建产品</h1><h1 style="font-family:\'Microsoft YaHei\', Arial, Helvetica, sans-serif;font-size:24px;font-weight:500;vertical-align:baseline;color:#58595B;background-color:#FFFFFF;">	新建产品</h1><h1 style="font-family:\'Microsoft YaHei\', Arial, Helvetica, sans-serif;font-size:24px;font-weight:500;vertical-align:baseline;color:#58595B;background-color:#FFFFFF;">	新建产品</h1><h1 style="font-family:\'Microsoft YaHei\', Arial, Helvetica, sans-serif;font-size:24px;font-weight:500;vertical-align:baseline;color:#58595B;background-color:#FFFFFF;">	新建产品</h1><h1 style="font-family:\'Microsoft YaHei\', Arial, Helvetica, sans-serif;font-size:24px;font-weight:500;vertical-align:baseline;color:#58595B;background-color:#FFFFFF;">	新建产品</h1><h1 style="font-family:\'Microsoft YaHei\', Arial, Helvetica, sans-serif;font-size:24px;font-weight:500;vertical-align:baseline;color:#58595B;background-color:#FFFFFF;">	新建产品</h1><h1 style="font-family:\'Microsoft YaHei\', Arial, Helvetica, sans-serif;font-size:24px;font-weight:500;vertical-align:baseline;color:#58595B;background-color:#FFFFFF;">	新建产品</h1>', '<span>内容内容</span><span>内容内容</span><span>内容内容</span><span>内容内容</span><span>内容内容</span><span>内容内容</span><span>内容内容</span><span>内容内容</span>', 0, '0000-00-00 00:00:00', '2015-06-11 23:14:07'),
	(24, 0, 2, '先心产品22', './assets/upfile/file_1434035548_3881.png', '<h1 style="font-family:\'Microsoft YaHei\', Arial, Helvetica, sans-serif;font-size:24px;font-weight:500;vertical-align:baseline;color:#58595B;background-color:#FFFFFF;">	新建产品</h1><h1 style="font-family:\'Microsoft YaHei\', Arial, Helvetica, sans-serif;font-size:24px;font-weight:500;vertical-align:baseline;color:#58595B;background-color:#FFFFFF;">	新建产品</h1><h1 style="font-family:\'Microsoft YaHei\', Arial, Helvetica, sans-serif;font-size:24px;font-weight:500;vertical-align:baseline;color:#58595B;background-color:#FFFFFF;">	新建产品</h1><h1 style="font-family:\'Microsoft YaHei\', Arial, Helvetica, sans-serif;font-size:24px;font-weight:500;vertical-align:baseline;color:#58595B;background-color:#FFFFFF;">	新建产品</h1><h1 style="font-family:\'Microsoft YaHei\', Arial, Helvetica, sans-serif;font-size:24px;font-weight:500;vertical-align:baseline;color:#58595B;background-color:#FFFFFF;">	新建产品</h1><h1 style="font-family:\'Microsoft YaHei\', Arial, Helvetica, sans-serif;font-size:24px;font-weight:500;vertical-align:baseline;color:#58595B;background-color:#FFFFFF;">	新建产品</h1><h1 style="font-family:\'Microsoft YaHei\', Arial, Helvetica, sans-serif;font-size:24px;font-weight:500;vertical-align:baseline;color:#58595B;background-color:#FFFFFF;">	新建产品</h1><h1 style="font-family:\'Microsoft YaHei\', Arial, Helvetica, sans-serif;font-size:24px;font-weight:500;vertical-align:baseline;color:#58595B;background-color:#FFFFFF;">	新建产品</h1>', '<span>内容内容</span><span>内容内容</span><span>内容内容</span><span>内容内容</span><span>内容内容</span><span>内容内容</span><span>内容内容</span><span>内容内容</span>', 0, '0000-00-00 00:00:00', '2015-06-11 23:14:07'),
	(25, 0, 2, '先心产品22', './assets/upfile/file_1434035548_4114.png', '<h1 style="font-family:\'Microsoft YaHei\', Arial, Helvetica, sans-serif;font-size:24px;font-weight:500;vertical-align:baseline;color:#58595B;background-color:#FFFFFF;">	新建产品</h1><h1 style="font-family:\'Microsoft YaHei\', Arial, Helvetica, sans-serif;font-size:24px;font-weight:500;vertical-align:baseline;color:#58595B;background-color:#FFFFFF;">	新建产品</h1><h1 style="font-family:\'Microsoft YaHei\', Arial, Helvetica, sans-serif;font-size:24px;font-weight:500;vertical-align:baseline;color:#58595B;background-color:#FFFFFF;">	新建产品</h1><h1 style="font-family:\'Microsoft YaHei\', Arial, Helvetica, sans-serif;font-size:24px;font-weight:500;vertical-align:baseline;color:#58595B;background-color:#FFFFFF;">	新建产品</h1><h1 style="font-family:\'Microsoft YaHei\', Arial, Helvetica, sans-serif;font-size:24px;font-weight:500;vertical-align:baseline;color:#58595B;background-color:#FFFFFF;">	新建产品</h1><h1 style="font-family:\'Microsoft YaHei\', Arial, Helvetica, sans-serif;font-size:24px;font-weight:500;vertical-align:baseline;color:#58595B;background-color:#FFFFFF;">	新建产品</h1><h1 style="font-family:\'Microsoft YaHei\', Arial, Helvetica, sans-serif;font-size:24px;font-weight:500;vertical-align:baseline;color:#58595B;background-color:#FFFFFF;">	新建产品</h1><h1 style="font-family:\'Microsoft YaHei\', Arial, Helvetica, sans-serif;font-size:24px;font-weight:500;vertical-align:baseline;color:#58595B;background-color:#FFFFFF;">	新建产品</h1>', '<span>内容内容</span><span>内容内容</span><span>内容内容</span><span>内容内容</span><span>内容内容</span><span>内容内容</span><span>内容内容</span><span>内容内容</span>', -1, '0000-00-00 00:00:00', '2015-06-14 00:57:14'),
	(26, 0, 2, '先心产品22', './assets/upfile/file_1434035549_5421.png', '<h1 style="font-family:\'Microsoft YaHei\', Arial, Helvetica, sans-serif;font-size:24px;font-weight:500;vertical-align:baseline;color:#58595B;background-color:#FFFFFF;">	新建产品</h1><h1 style="font-family:\'Microsoft YaHei\', Arial, Helvetica, sans-serif;font-size:24px;font-weight:500;vertical-align:baseline;color:#58595B;background-color:#FFFFFF;">	新建产品</h1><h1 style="font-family:\'Microsoft YaHei\', Arial, Helvetica, sans-serif;font-size:24px;font-weight:500;vertical-align:baseline;color:#58595B;background-color:#FFFFFF;">	新建产品</h1><h1 style="font-family:\'Microsoft YaHei\', Arial, Helvetica, sans-serif;font-size:24px;font-weight:500;vertical-align:baseline;color:#58595B;background-color:#FFFFFF;">	新建产品</h1><h1 style="font-family:\'Microsoft YaHei\', Arial, Helvetica, sans-serif;font-size:24px;font-weight:500;vertical-align:baseline;color:#58595B;background-color:#FFFFFF;">	新建产品</h1><h1 style="font-family:\'Microsoft YaHei\', Arial, Helvetica, sans-serif;font-size:24px;font-weight:500;vertical-align:baseline;color:#58595B;background-color:#FFFFFF;">	新建产品</h1><h1 style="font-family:\'Microsoft YaHei\', Arial, Helvetica, sans-serif;font-size:24px;font-weight:500;vertical-align:baseline;color:#58595B;background-color:#FFFFFF;">	新建产品</h1><h1 style="font-family:\'Microsoft YaHei\', Arial, Helvetica, sans-serif;font-size:24px;font-weight:500;vertical-align:baseline;color:#58595B;background-color:#FFFFFF;">	新建产品</h1>', '<span>内容内容</span><span>内容内容</span><span>内容内容</span><span>内容内容</span><span>内容内容</span><span>内容内容</span><span>内容内容</span><span>内容内容</span>', -1, '0000-00-00 00:00:00', '2015-06-14 00:57:16'),
	(27, 0, 2, '先心产品22', './assets/upfile/file_1434035549_3878.png', '<h1 style="font-family:\'Microsoft YaHei\', Arial, Helvetica, sans-serif;font-size:24px;font-weight:500;vertical-align:baseline;color:#58595B;background-color:#FFFFFF;">	新建产品</h1><h1 style="font-family:\'Microsoft YaHei\', Arial, Helvetica, sans-serif;font-size:24px;font-weight:500;vertical-align:baseline;color:#58595B;background-color:#FFFFFF;">	新建产品</h1><h1 style="font-family:\'Microsoft YaHei\', Arial, Helvetica, sans-serif;font-size:24px;font-weight:500;vertical-align:baseline;color:#58595B;background-color:#FFFFFF;">	新建产品</h1><h1 style="font-family:\'Microsoft YaHei\', Arial, Helvetica, sans-serif;font-size:24px;font-weight:500;vertical-align:baseline;color:#58595B;background-color:#FFFFFF;">	新建产品</h1><h1 style="font-family:\'Microsoft YaHei\', Arial, Helvetica, sans-serif;font-size:24px;font-weight:500;vertical-align:baseline;color:#58595B;background-color:#FFFFFF;">	新建产品</h1><h1 style="font-family:\'Microsoft YaHei\', Arial, Helvetica, sans-serif;font-size:24px;font-weight:500;vertical-align:baseline;color:#58595B;background-color:#FFFFFF;">	新建产品</h1><h1 style="font-family:\'Microsoft YaHei\', Arial, Helvetica, sans-serif;font-size:24px;font-weight:500;vertical-align:baseline;color:#58595B;background-color:#FFFFFF;">	新建产品</h1><h1 style="font-family:\'Microsoft YaHei\', Arial, Helvetica, sans-serif;font-size:24px;font-weight:500;vertical-align:baseline;color:#58595B;background-color:#FFFFFF;">	新建产品</h1>', '<span>内容内容</span><span>内容内容</span><span>内容内容</span><span>内容内容</span><span>内容内容</span><span>内容内容</span><span>内容内容</span><span>内容内容</span>', -1, '0000-00-00 00:00:00', '2015-06-14 00:56:49'),
	(28, 0, 2, '先心产品22', './assets/upfile/file_1434035549_5857.png', '<h1 style="font-family:\'Microsoft YaHei\', Arial, Helvetica, sans-serif;font-size:24px;font-weight:500;vertical-align:baseline;color:#58595B;background-color:#FFFFFF;">	新建产品</h1><h1 style="font-family:\'Microsoft YaHei\', Arial, Helvetica, sans-serif;font-size:24px;font-weight:500;vertical-align:baseline;color:#58595B;background-color:#FFFFFF;">	新建产品</h1><h1 style="font-family:\'Microsoft YaHei\', Arial, Helvetica, sans-serif;font-size:24px;font-weight:500;vertical-align:baseline;color:#58595B;background-color:#FFFFFF;">	新建产品</h1><h1 style="font-family:\'Microsoft YaHei\', Arial, Helvetica, sans-serif;font-size:24px;font-weight:500;vertical-align:baseline;color:#58595B;background-color:#FFFFFF;">	新建产品</h1><h1 style="font-family:\'Microsoft YaHei\', Arial, Helvetica, sans-serif;font-size:24px;font-weight:500;vertical-align:baseline;color:#58595B;background-color:#FFFFFF;">	新建产品</h1><h1 style="font-family:\'Microsoft YaHei\', Arial, Helvetica, sans-serif;font-size:24px;font-weight:500;vertical-align:baseline;color:#58595B;background-color:#FFFFFF;">	新建产品</h1><h1 style="font-family:\'Microsoft YaHei\', Arial, Helvetica, sans-serif;font-size:24px;font-weight:500;vertical-align:baseline;color:#58595B;background-color:#FFFFFF;">	新建产品</h1><h1 style="font-family:\'Microsoft YaHei\', Arial, Helvetica, sans-serif;font-size:24px;font-weight:500;vertical-align:baseline;color:#58595B;background-color:#FFFFFF;">	新建产品</h1>', '<span>内容内容</span><span>内容内容</span><span>内容内容</span><span>内容内容</span><span>内容内容</span><span>内容内容</span><span>内容内容</span><span>内容内容</span>', -1, '0000-00-00 00:00:00', '2015-06-14 00:56:42'),
	(29, 0, 2, '先心产品22', './assets/upfile/file_1434035550_5983.png', '<h1 style="font-family:\'Microsoft YaHei\', Arial, Helvetica, sans-serif;font-size:24px;font-weight:500;vertical-align:baseline;color:#58595B;background-color:#FFFFFF;">	新建产品</h1><h1 style="font-family:\'Microsoft YaHei\', Arial, Helvetica, sans-serif;font-size:24px;font-weight:500;vertical-align:baseline;color:#58595B;background-color:#FFFFFF;">	新建产品</h1><h1 style="font-family:\'Microsoft YaHei\', Arial, Helvetica, sans-serif;font-size:24px;font-weight:500;vertical-align:baseline;color:#58595B;background-color:#FFFFFF;">	新建产品</h1><h1 style="font-family:\'Microsoft YaHei\', Arial, Helvetica, sans-serif;font-size:24px;font-weight:500;vertical-align:baseline;color:#58595B;background-color:#FFFFFF;">	新建产品</h1><h1 style="font-family:\'Microsoft YaHei\', Arial, Helvetica, sans-serif;font-size:24px;font-weight:500;vertical-align:baseline;color:#58595B;background-color:#FFFFFF;">	新建产品</h1><h1 style="font-family:\'Microsoft YaHei\', Arial, Helvetica, sans-serif;font-size:24px;font-weight:500;vertical-align:baseline;color:#58595B;background-color:#FFFFFF;">	新建产品</h1><h1 style="font-family:\'Microsoft YaHei\', Arial, Helvetica, sans-serif;font-size:24px;font-weight:500;vertical-align:baseline;color:#58595B;background-color:#FFFFFF;">	新建产品</h1><h1 style="font-family:\'Microsoft YaHei\', Arial, Helvetica, sans-serif;font-size:24px;font-weight:500;vertical-align:baseline;color:#58595B;background-color:#FFFFFF;">	新建产品</h1>', '<span>内容内容</span><span>内容内容</span><span>内容内容</span><span>内容内容</span><span>内容内容</span><span>内容内容</span><span>内容内容</span><span>内容内容</span>', -1, '0000-00-00 00:00:00', '2015-06-14 00:56:22'),
	(30, 0, 2, '先心产品22', './assets/upfile/file_1434035550_8909.png', '<h1 style="font-family:\'Microsoft YaHei\', Arial, Helvetica, sans-serif;font-size:24px;font-weight:500;vertical-align:baseline;color:#58595B;background-color:#FFFFFF;">	新建产品</h1><h1 style="font-family:\'Microsoft YaHei\', Arial, Helvetica, sans-serif;font-size:24px;font-weight:500;vertical-align:baseline;color:#58595B;background-color:#FFFFFF;">	新建产品</h1><h1 style="font-family:\'Microsoft YaHei\', Arial, Helvetica, sans-serif;font-size:24px;font-weight:500;vertical-align:baseline;color:#58595B;background-color:#FFFFFF;">	新建产品</h1><h1 style="font-family:\'Microsoft YaHei\', Arial, Helvetica, sans-serif;font-size:24px;font-weight:500;vertical-align:baseline;color:#58595B;background-color:#FFFFFF;">	新建产品</h1><h1 style="font-family:\'Microsoft YaHei\', Arial, Helvetica, sans-serif;font-size:24px;font-weight:500;vertical-align:baseline;color:#58595B;background-color:#FFFFFF;">	新建产品</h1><h1 style="font-family:\'Microsoft YaHei\', Arial, Helvetica, sans-serif;font-size:24px;font-weight:500;vertical-align:baseline;color:#58595B;background-color:#FFFFFF;">	新建产品</h1><h1 style="font-family:\'Microsoft YaHei\', Arial, Helvetica, sans-serif;font-size:24px;font-weight:500;vertical-align:baseline;color:#58595B;background-color:#FFFFFF;">	新建产品</h1><h1 style="font-family:\'Microsoft YaHei\', Arial, Helvetica, sans-serif;font-size:24px;font-weight:500;vertical-align:baseline;color:#58595B;background-color:#FFFFFF;">	新建产品</h1>', '<span>内容内容</span><span>内容内容</span><span>内容内容</span><span>内容内容</span><span>内容内容</span><span>内容内容</span><span>内容内容</span><span>内容内容</span>', -1, '0000-00-00 00:00:00', '2015-06-13 17:14:23'),
	(31, 0, 2, '先心产品22', './assets/upfile/file_1434035550_7679.png', '<h1 style="font-family:\'Microsoft YaHei\', Arial, Helvetica, sans-serif;font-size:24px;font-weight:500;vertical-align:baseline;color:#58595B;background-color:#FFFFFF;">	新建产品</h1><h1 style="font-family:\'Microsoft YaHei\', Arial, Helvetica, sans-serif;font-size:24px;font-weight:500;vertical-align:baseline;color:#58595B;background-color:#FFFFFF;">	新建产品</h1><h1 style="font-family:\'Microsoft YaHei\', Arial, Helvetica, sans-serif;font-size:24px;font-weight:500;vertical-align:baseline;color:#58595B;background-color:#FFFFFF;">	新建产品</h1><h1 style="font-family:\'Microsoft YaHei\', Arial, Helvetica, sans-serif;font-size:24px;font-weight:500;vertical-align:baseline;color:#58595B;background-color:#FFFFFF;">	新建产品</h1><h1 style="font-family:\'Microsoft YaHei\', Arial, Helvetica, sans-serif;font-size:24px;font-weight:500;vertical-align:baseline;color:#58595B;background-color:#FFFFFF;">	新建产品</h1><h1 style="font-family:\'Microsoft YaHei\', Arial, Helvetica, sans-serif;font-size:24px;font-weight:500;vertical-align:baseline;color:#58595B;background-color:#FFFFFF;">	新建产品</h1><h1 style="font-family:\'Microsoft YaHei\', Arial, Helvetica, sans-serif;font-size:24px;font-weight:500;vertical-align:baseline;color:#58595B;background-color:#FFFFFF;">	新建产品</h1><h1 style="font-family:\'Microsoft YaHei\', Arial, Helvetica, sans-serif;font-size:24px;font-weight:500;vertical-align:baseline;color:#58595B;background-color:#FFFFFF;">	新建产品</h1>', '<span>内容内容</span><span>内容内容</span><span>内容内容</span><span>内容内容</span><span>内容内容</span><span>内容内容</span><span>内容内容</span><span>内容内容</span>', -1, '0000-00-00 00:00:00', '2015-06-13 17:15:25'),
	(32, 0, 2, '先心产品22', './assets/upfile/file_1434035550_8154.png', '<h1 style="font-family:\'Microsoft YaHei\', Arial, Helvetica, sans-serif;font-size:24px;font-weight:500;vertical-align:baseline;color:#58595B;background-color:#FFFFFF;">	新建产品</h1><h1 style="font-family:\'Microsoft YaHei\', Arial, Helvetica, sans-serif;font-size:24px;font-weight:500;vertical-align:baseline;color:#58595B;background-color:#FFFFFF;">	新建产品</h1><h1 style="font-family:\'Microsoft YaHei\', Arial, Helvetica, sans-serif;font-size:24px;font-weight:500;vertical-align:baseline;color:#58595B;background-color:#FFFFFF;">	新建产品</h1><h1 style="font-family:\'Microsoft YaHei\', Arial, Helvetica, sans-serif;font-size:24px;font-weight:500;vertical-align:baseline;color:#58595B;background-color:#FFFFFF;">	新建产品</h1><h1 style="font-family:\'Microsoft YaHei\', Arial, Helvetica, sans-serif;font-size:24px;font-weight:500;vertical-align:baseline;color:#58595B;background-color:#FFFFFF;">	新建产品</h1><h1 style="font-family:\'Microsoft YaHei\', Arial, Helvetica, sans-serif;font-size:24px;font-weight:500;vertical-align:baseline;color:#58595B;background-color:#FFFFFF;">	新建产品</h1><h1 style="font-family:\'Microsoft YaHei\', Arial, Helvetica, sans-serif;font-size:24px;font-weight:500;vertical-align:baseline;color:#58595B;background-color:#FFFFFF;">	新建产品</h1><h1 style="font-family:\'Microsoft YaHei\', Arial, Helvetica, sans-serif;font-size:24px;font-weight:500;vertical-align:baseline;color:#58595B;background-color:#FFFFFF;">	新建产品</h1>', '<span>内容内容</span><span>内容内容</span><span>内容内容</span><span>内容内容</span><span>内容内容</span><span>内容内容</span><span>内容内容</span><span>内容内容</span>', -1, '0000-00-00 00:00:00', '2015-06-14 00:56:27'),
	(33, 0, 2, '先心产品22', './assets/upfile/file_1434035551_5864.png', '<h1 style="font-family:\'Microsoft YaHei\', Arial, Helvetica, sans-serif;font-size:24px;font-weight:500;vertical-align:baseline;color:#58595B;background-color:#FFFFFF;">	新建产品</h1><h1 style="font-family:\'Microsoft YaHei\', Arial, Helvetica, sans-serif;font-size:24px;font-weight:500;vertical-align:baseline;color:#58595B;background-color:#FFFFFF;">	新建产品</h1><h1 style="font-family:\'Microsoft YaHei\', Arial, Helvetica, sans-serif;font-size:24px;font-weight:500;vertical-align:baseline;color:#58595B;background-color:#FFFFFF;">	新建产品</h1><h1 style="font-family:\'Microsoft YaHei\', Arial, Helvetica, sans-serif;font-size:24px;font-weight:500;vertical-align:baseline;color:#58595B;background-color:#FFFFFF;">	新建产品</h1><h1 style="font-family:\'Microsoft YaHei\', Arial, Helvetica, sans-serif;font-size:24px;font-weight:500;vertical-align:baseline;color:#58595B;background-color:#FFFFFF;">	新建产品</h1><h1 style="font-family:\'Microsoft YaHei\', Arial, Helvetica, sans-serif;font-size:24px;font-weight:500;vertical-align:baseline;color:#58595B;background-color:#FFFFFF;">	新建产品</h1><h1 style="font-family:\'Microsoft YaHei\', Arial, Helvetica, sans-serif;font-size:24px;font-weight:500;vertical-align:baseline;color:#58595B;background-color:#FFFFFF;">	新建产品</h1><h1 style="font-family:\'Microsoft YaHei\', Arial, Helvetica, sans-serif;font-size:24px;font-weight:500;vertical-align:baseline;color:#58595B;background-color:#FFFFFF;">	新建产品</h1>', '<span>内容内容</span><span>内容内容</span><span>内容内容</span><span>内容内容</span><span>内容内容</span><span>内容内容</span><span>内容内容</span><span>内容内容</span>', -1, '0000-00-00 00:00:00', '2015-06-14 00:56:29'),
	(34, 0, 2, '先心产品22', './assets/upfile/file_1434035551_8592.png', '<h1 style="font-family:\'Microsoft YaHei\', Arial, Helvetica, sans-serif;font-size:24px;font-weight:500;vertical-align:baseline;color:#58595B;background-color:#FFFFFF;">	新建产品</h1><h1 style="font-family:\'Microsoft YaHei\', Arial, Helvetica, sans-serif;font-size:24px;font-weight:500;vertical-align:baseline;color:#58595B;background-color:#FFFFFF;">	新建产品</h1><h1 style="font-family:\'Microsoft YaHei\', Arial, Helvetica, sans-serif;font-size:24px;font-weight:500;vertical-align:baseline;color:#58595B;background-color:#FFFFFF;">	新建产品</h1><h1 style="font-family:\'Microsoft YaHei\', Arial, Helvetica, sans-serif;font-size:24px;font-weight:500;vertical-align:baseline;color:#58595B;background-color:#FFFFFF;">	新建产品</h1><h1 style="font-family:\'Microsoft YaHei\', Arial, Helvetica, sans-serif;font-size:24px;font-weight:500;vertical-align:baseline;color:#58595B;background-color:#FFFFFF;">	新建产品</h1><h1 style="font-family:\'Microsoft YaHei\', Arial, Helvetica, sans-serif;font-size:24px;font-weight:500;vertical-align:baseline;color:#58595B;background-color:#FFFFFF;">	新建产品</h1><h1 style="font-family:\'Microsoft YaHei\', Arial, Helvetica, sans-serif;font-size:24px;font-weight:500;vertical-align:baseline;color:#58595B;background-color:#FFFFFF;">	新建产品</h1><h1 style="font-family:\'Microsoft YaHei\', Arial, Helvetica, sans-serif;font-size:24px;font-weight:500;vertical-align:baseline;color:#58595B;background-color:#FFFFFF;">	新建产品</h1>', '<span>内容内容</span><span>内容内容</span><span>内容内容</span><span>内容内容</span><span>内容内容</span><span>内容内容</span><span>内容内容</span><span>内容内容</span>', -1, '0000-00-00 00:00:00', '2015-06-14 00:56:32'),
	(35, 0, 2, '先心产品22', './assets/upfile/file_1434035551_2644.png', '<h1 style="font-family:\'Microsoft YaHei\', Arial, Helvetica, sans-serif;font-size:24px;font-weight:500;vertical-align:baseline;color:#58595B;background-color:#FFFFFF;">	新建产品</h1><h1 style="font-family:\'Microsoft YaHei\', Arial, Helvetica, sans-serif;font-size:24px;font-weight:500;vertical-align:baseline;color:#58595B;background-color:#FFFFFF;">	新建产品</h1><h1 style="font-family:\'Microsoft YaHei\', Arial, Helvetica, sans-serif;font-size:24px;font-weight:500;vertical-align:baseline;color:#58595B;background-color:#FFFFFF;">	新建产品</h1><h1 style="font-family:\'Microsoft YaHei\', Arial, Helvetica, sans-serif;font-size:24px;font-weight:500;vertical-align:baseline;color:#58595B;background-color:#FFFFFF;">	新建产品</h1><h1 style="font-family:\'Microsoft YaHei\', Arial, Helvetica, sans-serif;font-size:24px;font-weight:500;vertical-align:baseline;color:#58595B;background-color:#FFFFFF;">	新建产品</h1><h1 style="font-family:\'Microsoft YaHei\', Arial, Helvetica, sans-serif;font-size:24px;font-weight:500;vertical-align:baseline;color:#58595B;background-color:#FFFFFF;">	新建产品</h1><h1 style="font-family:\'Microsoft YaHei\', Arial, Helvetica, sans-serif;font-size:24px;font-weight:500;vertical-align:baseline;color:#58595B;background-color:#FFFFFF;">	新建产品</h1><h1 style="font-family:\'Microsoft YaHei\', Arial, Helvetica, sans-serif;font-size:24px;font-weight:500;vertical-align:baseline;color:#58595B;background-color:#FFFFFF;">	新建产品</h1>', '<span>内容内容</span><span>内容内容</span><span>内容内容</span><span>内容内容</span><span>内容内容</span><span>内容内容</span><span>内容内容</span><span>内容内容</span>', -1, '0000-00-00 00:00:00', '2015-06-14 00:56:34'),
	(36, 0, 2, '先心产品22', './assets/upfile/file_1434035552_2499.png', '<h1 style="font-family:\'Microsoft YaHei\', Arial, Helvetica, sans-serif;font-size:24px;font-weight:500;vertical-align:baseline;color:#58595B;background-color:#FFFFFF;">	新建产品</h1><h1 style="font-family:\'Microsoft YaHei\', Arial, Helvetica, sans-serif;font-size:24px;font-weight:500;vertical-align:baseline;color:#58595B;background-color:#FFFFFF;">	新建产品</h1><h1 style="font-family:\'Microsoft YaHei\', Arial, Helvetica, sans-serif;font-size:24px;font-weight:500;vertical-align:baseline;color:#58595B;background-color:#FFFFFF;">	新建产品</h1><h1 style="font-family:\'Microsoft YaHei\', Arial, Helvetica, sans-serif;font-size:24px;font-weight:500;vertical-align:baseline;color:#58595B;background-color:#FFFFFF;">	新建产品</h1><h1 style="font-family:\'Microsoft YaHei\', Arial, Helvetica, sans-serif;font-size:24px;font-weight:500;vertical-align:baseline;color:#58595B;background-color:#FFFFFF;">	新建产品</h1><h1 style="font-family:\'Microsoft YaHei\', Arial, Helvetica, sans-serif;font-size:24px;font-weight:500;vertical-align:baseline;color:#58595B;background-color:#FFFFFF;">	新建产品</h1><h1 style="font-family:\'Microsoft YaHei\', Arial, Helvetica, sans-serif;font-size:24px;font-weight:500;vertical-align:baseline;color:#58595B;background-color:#FFFFFF;">	新建产品</h1><h1 style="font-family:\'Microsoft YaHei\', Arial, Helvetica, sans-serif;font-size:24px;font-weight:500;vertical-align:baseline;color:#58595B;background-color:#FFFFFF;">	新建产品</h1>', '<span>内容内容</span><span>内容内容</span><span>内容内容</span><span>内容内容</span><span>内容内容</span><span>内容内容</span><span>内容内容</span><span>内容内容</span>', -1, '0000-00-00 00:00:00', '2015-06-14 00:56:36'),
	(37, 0, 2, '先心产品22', './assets/upfile/file_1434035552_4171.png', '<h1 style="font-family:\'Microsoft YaHei\', Arial, Helvetica, sans-serif;font-size:24px;font-weight:500;vertical-align:baseline;color:#58595B;background-color:#FFFFFF;">	新建产品</h1><h1 style="font-family:\'Microsoft YaHei\', Arial, Helvetica, sans-serif;font-size:24px;font-weight:500;vertical-align:baseline;color:#58595B;background-color:#FFFFFF;">	新建产品</h1><h1 style="font-family:\'Microsoft YaHei\', Arial, Helvetica, sans-serif;font-size:24px;font-weight:500;vertical-align:baseline;color:#58595B;background-color:#FFFFFF;">	新建产品</h1><h1 style="font-family:\'Microsoft YaHei\', Arial, Helvetica, sans-serif;font-size:24px;font-weight:500;vertical-align:baseline;color:#58595B;background-color:#FFFFFF;">	新建产品</h1><h1 style="font-family:\'Microsoft YaHei\', Arial, Helvetica, sans-serif;font-size:24px;font-weight:500;vertical-align:baseline;color:#58595B;background-color:#FFFFFF;">	新建产品</h1><h1 style="font-family:\'Microsoft YaHei\', Arial, Helvetica, sans-serif;font-size:24px;font-weight:500;vertical-align:baseline;color:#58595B;background-color:#FFFFFF;">	新建产品</h1><h1 style="font-family:\'Microsoft YaHei\', Arial, Helvetica, sans-serif;font-size:24px;font-weight:500;vertical-align:baseline;color:#58595B;background-color:#FFFFFF;">	新建产品</h1><h1 style="font-family:\'Microsoft YaHei\', Arial, Helvetica, sans-serif;font-size:24px;font-weight:500;vertical-align:baseline;color:#58595B;background-color:#FFFFFF;">	新建产品</h1>', '<span>内容内容</span><span>内容内容</span><span>内容内容</span><span>内容内容</span><span>内容内容</span><span>内容内容</span><span>内容内容</span><span>内容内容</span>', -1, '0000-00-00 00:00:00', '2015-06-14 00:56:40'),
	(38, 0, 2, '阿斯顿发生地方', './assets/upfile/file_1434042698_8586.png', '阿斯顿发生地方', '法第三方阿斯顿发发水电费阿斯顿发', -1, '0000-00-00 00:00:00', '2015-06-14 00:57:17'),
	(39, 0, 2, '发生大发是对方', './assets/upfile/file_1434042745_2067.png', '&nbsp;发放的 发生大发的sad的发生 &nbsp;发生大发&nbsp;', '阿阿斯顿发水电费', -1, '0000-00-00 00:00:00', '2015-06-14 01:37:43'),
	(40, 0, 2, 'aaa', './assets/upfile/file_1434042833_3437.png', '点说发大水', '阿斯顿发哀伤', 0, '0000-00-00 00:00:00', '2015-06-12 01:13:53'),
	(41, 0, 2, 'asdf  asd', './assets/upfile/file_1434042870_7546.png', 'asdfsad&nbsp;', 'asd fdsa f', 0, '0000-00-00 00:00:00', '2015-06-12 01:14:30'),
	(42, 0, 2, 'asdfas ', './assets/upfile/file_1434043226_6841.png', 'asd fasd', 'asdf adsf&nbsp;', 0, '0000-00-00 00:00:00', '2015-06-12 01:20:26');
/*!40000 ALTER TABLE `product` ENABLE KEYS */;


-- 导出  表 shxz.user 结构
DROP TABLE IF EXISTS `user`;
CREATE TABLE IF NOT EXISTS `user` (
  `id` int(10) unsigned NOT NULL AUTO_INCREMENT,
  `username` varchar(32) NOT NULL,
  `password` varchar(32) NOT NULL,
  PRIMARY KEY (`id`)
) ENGINE=MyISAM AUTO_INCREMENT=4 DEFAULT CHARSET=utf8;

-- 正在导出表  shxz.user 的数据：2 rows
DELETE FROM `user`;
/*!40000 ALTER TABLE `user` DISABLE KEYS */;
INSERT INTO `user` (`id`, `username`, `password`) VALUES
	(1, 'admin', '123456'),
	(2, 'admin2', '123456');
/*!40000 ALTER TABLE `user` ENABLE KEYS */;
/*!40101 SET SQL_MODE=IFNULL(@OLD_SQL_MODE, '') */;
/*!40014 SET FOREIGN_KEY_CHECKS=IF(@OLD_FOREIGN_KEY_CHECKS IS NULL, 1, @OLD_FOREIGN_KEY_CHECKS) */;
/*!40101 SET CHARACTER_SET_CLIENT=@OLD_CHARACTER_SET_CLIENT */;
